dataset,track,model,model_label,batch_size,training_time_s,accuracy,f1_macro,parameter_count,serialized_model_size_mb,mean_batch_latency_ms,p50_batch_latency_ms,p95_batch_latency_ms,p99_batch_latency_ms,mean_sample_latency_ms,p50_sample_latency_ms,p95_sample_latency_ms,p99_sample_latency_ms,mean_data_loading_ms,mean_preprocessing_ms,mean_inference_ms,mean_postprocessing_ms,mean_end_to_end_ms,throughput_samples_per_s,peak_rss_delta_mb,latency_accuracy_ratio,efficiency_score
digits,domain_agnostic,linear,Linear baseline,1,0.1576475000474602,0.6972222222222222,0.6722996620765864,650,0.004483222961425781,0.06465823260239428,0.05995738320052624,0.07303515449166295,0.12436905642971383,0.06465823260239428,0.05995738320052624,0.07303515449166295,0.12436905642971383,0.03177605750453141,0.00969854493935903,0.016906743015473086,0.008678312749705382,0.06465823260239428,15465.93464979694,0.671875,0.09273690731817508,954.6392104939148
digits,domain_agnostic,linear,Linear baseline,8,0.1576475000474602,0.6972222222222222,0.6722996620765864,650,0.004483222961425781,0.14879757331477272,0.1444368390366435,0.17420849762856958,0.21659815916791555,0.01859969666434659,0.018054604879580438,0.02219798625446856,0.0296048735617658,0.008946879663401179,0.0013720968531237708,0.002049064237831367,0.006514808370007409,0.01859969666434659,53764.31766851775,0.0,0.026676855773564833,3140.925551667409
digits,domain_agnostic,linear,Linear baseline,32,0.1576475000474602,0.6972222222222222,0.6722996620765864,650,0.004483222961425781,0.2624427143018693,0.26041618548333645,0.3368333913385867,0.42203700868412847,0.008748090476728976,0.008187489584088326,0.013924473023507744,0.018737733771558802,0.006023092040171226,0.0005445637119313081,0.0006407402300586303,0.0016685167793184519,0.008748090476728976,114310.66044185599,0.0,0.01254706203833638,5007.171338155125
digits,domain_agnostic,mlp,Small MLP,1,0.1140912910923361,0.9166666666666666,0.9149990082630486,17226,0.06845569610595703,0.08443543532242377,0.08245790377259254,0.0879179802723229,0.12486425926908766,0.08443543532242377,0.08245790377259254,0.0879179802723229,0.12486425926908766,0.029927263838342495,0.009531982424151566,0.03578939552729329,0.009443541057407856,0.08443543532242377,11843.36879630473,0.3125,0.09211138398809866,152.30850158243348
digits,domain_agnostic,mlp,Small MLP,8,0.1140912910923361,0.9166666666666666,0.9149990082630486,17226,0.06845569610595703,0.17826648480776283,0.17120747361332178,0.21932084346190095,0.2765289274975657,0.022283310600970354,0.021400934201665223,0.027447938919067383,0.039163618930615124,0.009002774863296913,0.0013781226395318906,0.005813411876766218,0.006365624075341556,0.022283310600970354,44876.63516014778,0.0,0.024309066110149477,487.85651545330785
digits,domain_agnostic,mlp,Small MLP,32,0.1140912910923361,0.9166666666666666,0.9149990082630486,17226,0.06845569610595703,0.28650824485036236,0.2910407492890954,0.32904348336160183,0.34571389900520444,0.00955027482834541,0.009118470188695937,0.010947907867375761,0.02117970318067806,0.005683104326534603,0.0004171303266452418,0.002020127269335919,0.0014060144571380483,0.00955027482834541,104709.02858543709,0.0,0.010418481630922266,1223.124637113083
digits,domain_agnostic,cnn,Tiny CNN,1,0.5286444160155952,0.20833333333333334,0.17151012509503075,1418,0.008275032043457031,0.18261483378915322,0.17560413107275963,0.21854187361896038,0.24913847912102913,0.18261483378915322,0.17560413107275963,0.21854187361896038,0.24913847912102913,0.03567784539579103,0.010279811815255217,0.13176651296412778,0.008248595986515284,0.18261483378915322,5476.006407861687,0.046875,0.8765512021879354,95.32879437858844
digits,domain_agnostic,cnn,Tiny CNN,8,0.5286444160155952,0.20833333333333334,0.17151012509503075,1418,0.008275032043457031,0.31651762158920366,0.30543666798621416,0.3729557152837515,0.43528630398213863,0.03956470269865046,0.03817958349827677,0.046989734983071685,0.05811869748868019,0.009228767723672919,0.0013727934047993687,0.02412638924498525,0.005606835475191474,0.03956470269865046,25275.054070711107,0.0,0.18991057295352218,443.35924305252325
digits,domain_agnostic,cnn,Tiny CNN,32,0.5286444160155952,0.20833333333333334,0.17151012509503075,1418,0.008275032043457031,0.5269736187377324,0.5317500326782465,0.6166759878396987,0.6949031143449247,0.017565787291257746,0.01680202694842592,0.02239196328446269,0.04461189586436343,0.006020483043458726,0.0004049707462804185,0.00937036367961102,0.0016371460838450326,0.017565787291257746,56928.84602432175,0.0,0.08431577899803717,930.3933321375684
